subreddit,
angelbeats,
anohana,
araragi,
AraragiGirls,
chuunibyou,
clannad,
Evangelion,
FairyTail,
GakkouGurashi,
GATE,
gekkanshoujonozakikun,
girlsundpanzer,
haganai,
Hanamaruo,
haruhi,
highschooldxd,
Homura,
hunterxhunter,
hyouka,
inoubattle,
Kancolle,
KillLaKill,
KyoukainoKanata,
k_on,
loghorizon,
lovelive,
LuckyStar,
MadokaMagica,
MonsterMusume,
Naruto,
nogamenolife,
noragami,
OnePiece,
OneTrueAsuna,
OneTrueBiribiri,
OneTrueIdol,
OneTrueKongou,
oregairusnafu,
oreimo,
Saber,
sakurasou,
seitokaiyakuindomo,
shuffleanime,
spiceandwolf,
StardustCrusaders,
SwordArtOnline,
TheForgottenIdol,
thegreatuserkamisama,
tokyoghoul ,
toradora,
wagnaria,
watamote,
yuruyuri,
